<Query xmlns:xsi="http://www.w3.org/2001/XMLSchema-instance">
  <Details>
    <Policy_Number>L00007766</Policy_Number>
    <Proposal_Number>L00007766</Proposal_Number>
    <Query_Type>1</Query_Type>
    <DoP_DoC>2022-03-21</DoP_DoC>
    <Sum_Assured>224685</Sum_Assured>
    <LA_First_Name>Avantika</LA_First_Name>
    <LA_Middle_Name>
    </LA_Middle_Name>
    <LA_Last_Name>Mehra</LA_Last_Name>
    <LA_DoB>1996-08-14</LA_DoB>
    <LA_Gender>F</LA_Gender>
    <LA_Current_Address>
    </LA_Current_Address>
    <LA_Permanent_Address>
    </LA_Permanent_Address>
    <LA_Pin_Code>421201</LA_Pin_Code>
    <LA_PAN>
    </LA_PAN>
    <LA_Aadhar>
    </LA_Aadhar>
    <LA_Ckyc>
    </LA_Ckyc>
    <LA_Passport>
    </LA_Passport>
    <LA_DL>
    </LA_DL>
    <LA_Voter_Id>
    </LA_Voter_Id>
    <LA_Phone_Number_1>
    </LA_Phone_Number_1>
    <LA_Phone_Number_2>
    </LA_Phone_Number_2>
    <LA_Email_1>
    </LA_Email_1>
    <LA_Email_2>
    </LA_Email_2>
    <Date_of_Death>
    </Date_of_Death>
  </Details>
</Query>